dataset,example_id,query,gold_answer,task_type,model,prediction_raw,prediction_normalized,is_correct,n_segments,prompt_tokens,time_seconds
fever,cf-fever-0,Myreth Trel was a dimensional geophysics researcher.,REFUTES,classification,gpt2,"Myreth Trel was a renowned crystalline geophysics researcher at Quintera Observatory.

Claim: Myreth Trel was a renowned resonant",NO_LABEL,False,23,885,1.49
fever,cf-fever-1,Myreth Trel was nominated for an international distinction in a related field.,NOT_ENOUGH_INFO,classification,gpt2,"Myreth Trel was nominated for an international distinction in a related field.

Example:

{ ""label"": ""SUPPORTS | REF",SUPPORTS,False,23,854,1.21
fever,cf-fever-2,Sorova Brek was a lattice energetics researcher.,REFUTES,classification,gpt2,"Sorova Brek was a renowned crystalline energetics researcher at Northwell Research Foundation.

Example:

{ ""label"": ""SUPP",NO_LABEL,False,23,897,1.12
fever,cf-fever-3,Sorova Brek spent a sabbatical at an undisclosed foreign institution.,NOT_ENOUGH_INFO,classification,gpt2,"Sorova Brek spent a sabbatical at an undisclosed foreign institution.

Example:

{ ""label"": ""SUPPORTS | REF",SUPPORTS,False,23,878,1.47
fever,cf-fever-4,Kethara Czek spent a sabbatical at an undisclosed foreign institution.,NOT_ENOUGH_INFO,classification,gpt2,"Kethara Czek spent a sabbatical at an undisclosed foreign institution.

Example:

{ ""label"": ""SUPPORTS | RE",SUPPORTS,False,23,894,1.75
